col0,col1,col2,col3,col4,col5,col6,col7,col8,col9,col10,col11,col12,col13,col14,label
-1.2138344736773243,-49.97358686862011,28.74425710494081,0,-0.6015930496877069,1,0.31339344540139963,-8.230218899531748,-26.671694159080175,-1.1317475794476055,0.11776987135569893,-0.3897313889314844,0,-0.49592815459741235,1.4151318471753074,0
0.5209628509929153,-4.793443277040741,27.565378632298717,1,1.863781971888458,0,-0.22192035478932942,0.45914339961255657,-24.498990317916597,0.21719106936278712,0.3491153851660135,-1.022427597213903,0,0.1824640942388337,-0.2615931378346673,0
1.6159667543497125,-134.93256259162249,29.31869673610841,0,-2.2869421319296945,1,-1.9388622163955964,1.146823368005552,-24.750201427573217,-2.64107081667961,-0.028287154674321528,1.6499046882041486,0,-0.04955378885117542,1.1413558900680907,2
0.5153527821938539,-28.830914098970535,27.13103966687246,0,1.4159017633804623,0,0.44949055934099846,2.6298802907117267,-23.607768011117873,-0.33988246957014534,1.426010218354135,0.5259582350755949,0,0.5943483878320792,-1.4712399841957582,1
0.9556863563559597,18.626241759589572,28.629633702178943,1,0.24499543145605795,0,-0.38294429808269104,-0.5216217922263715,-24.99155611637008,0.20281942054918867,0.3290952919945569,1.153935935339073,0,1.134885009836822,-0.890347744116721,1
0.044374697713560056,61.43677640879333,28.195693931479152,0,0.11091158497454812,0,-1.7902706363691447,-1.347705658552579,-25.01798517025188,1.0454137458205437,0.02279091191409943,1.027562582524319,1,1.4020933971753784,-0.31825630628111745,2
0.12337540406791411,-69.83107764956178,31.553721729436894,0,-0.3722299436487122,1,0.622009079553039,0.7486356253836748,-24.050707935166095,-0.8053373040265255,0.4198597158929784,-1.04181934424601,0,0.9585734012351917,2.580529834503883,2
-0.35431609243971024,-30.76643678407275,29.310859805250626,1,-1.4227226839652176,1,-0.6167508795362654,-1.3818829951139033,-25.64446955179395,-1.1480657510077257,0.18299764291138548,1.1943580453485056,0,-0.15330428196921353,2.633872980505345,2
0.2138078466056269,50.2521439003766,30.220001887993007,0,-3.564466996139399,1,-0.5632440540392022,-1.1821981639227,-25.87874052094675,2.453652168661599,-1.128697858424103,-0.003588312333158594,0,-1.32053634414976,-1.6560535003719288,1
1.2902374350510952,-3.6339111565645372,28.387101054576828,0,-1.8237855110355707,0,-0.7957987816215559,-1.3526404401474745,-26.342020508574,0.64731335378164,1.06547309438861,-0.4034278948642054,0,1.1509154694121972,-0.4798885245620683,1
0.5891664035878006,-141.5808754213505,30.13485904789136,0,0.9245251659287861,0,0.31912645786802246,3.1807536385024546,-25.97158492031586,-2.947798784860643,-1.854682369678955,-1.591502477454232,0,-1.4756696169204413,2.6011731656734067,2
-0.14546889995740658,-101.91569813216373,30.484881934684847,0,1.5060377347313536,0,-0.7620168991944345,0.30528011544432776,-22.931107332259536,-1.2649908679037407,1.2106319849603047,-0.11855791328626253,0,-0.23525314403271996,-1.9694493263697066,0
0.7599547176036165,-39.67030224399954,28.064908813182566,0,0.45815402657586024,0,-0.5784172304455449,1.7889744280282898,-24.798799814835412,-1.0346545326775811,2.53728428655875,1.3250551419489538,1,1.4409400182720677,-1.023351568407583,0
1.4209489756009903,-2.8264071824965,27.979400393625387,0,-2.5337800800926793,1,1.5698426393527156,2.670957425425157,-25.675566468459763,0.22971401870527272,1.0749263134065064,0.7667556019250774,1,0.3158397786265624,1.1616700344067277,2
-0.2993703022677754,-103.74627040415044,28.22568158396891,1,1.952872398568373,0,0.6179270893250867,1.3334958176571203,-25.444928270292372,-1.7499074582482856,0.032136922849124505,-1.7026543823440656,0,0.05612737583274984,-0.3142835648867146,2
-2.410539622915409,35.05302179082984,27.233606464910807,0,1.1841162696998264,0,0.48000864132510873,-1.3092733358386,-24.10650824951642,2.7110937442495353,-1.6873132669590836,-3.456341247021157,0,0.0500528383319672,-1.6973192448705046,0
0.10892362449714835,-127.70088064814796,28.951264081072225,0,0.6286484385612501,0,-1.1035466236856182,-0.7747529680789809,-26.531200361826663,-1.692861610689422,-1.8208137974201535,-3.3013800274999308,0,-0.214533042641589,1.1960083616127941,2
1.1840942335334756,119.99902169052632,29.75441542146545,0,-0.5050580901356196,0,1.8147920066329524,3.5200159354523106,-28.015441705920633,2.117461654648893,0.6489008483429798,-0.34375983562782964,0,-0.918808720438194,0.09920164154402833,2
0.6325497316546181,18.084148659338418,30.464949202186055,1,-2.5891937253329385,0,-0.027733791823538082,1.8441427432081647,-24.329743429061217,3.180434490649776,0.9104470635741517,-1.9182797937812648,0,-0.7182279139658714,-3.6719630243325416,1
-0.4906227205937965,-108.93049972367483,28.656482048915535,1,1.1086712606315139,1,-0.58760612407371,0.68368238934939,-23.834396552566105,-3.692823098316312,0.2592847697727978,3.7326611386689947,0,-0.6484579980356416,0.26282495980084297,1
-0.1748189786911188,-138.75204584418475,29.644264113486955,1,-1.5031886971958794,1,-2.154521011172045,2.429930752199263,-25.661943466469907,-1.997269702423621,-0.2762659327656543,-0.3826114008377851,1,1.059452687441616,-0.4538661022119861,0
0.40539149002113894,-84.19296700161063,29.951530842375277,0,1.1542823851753212,0,-0.6822039863596335,5.497593662731736,-23.773778663550345,-1.680875106204851,-0.43131250339917304,0.9280169221744076,0,-1.605444938474686,-1.0453301354430307,1
0.3564259846434989,-97.34153932353044,27.645002610888014,1,1.0167045961041432,0,-1.5349574145110139,1.8120355482517523,-27.284089384161124,-1.688681745207016,-0.006787340452022022,-2.443416218262679,0,1.1242751991373048,0.6269621718204823,2
2.246171799000805,-62.909347190183475,29.638547668380266,1,0.20150420792369994,0,2.163202273491709,3.6782154272733396,-29.23540477325639,-1.092301649771455,-1.5458781066975702,-3.0025801466126323,0,0.43713056036204184,0.9365782995514855,0
-0.1591081625685126,-23.963767127383058,29.298599880956424,0,0.35329046496674554,0,0.587294341872988,-0.8528890523469579,-26.924163745851832,-1.0874974176435521,0.6652225985511376,0.30222717626595075,0,1.5092056899391861,0.37227168442223624,0
0.6616992018583568,-9.930033458944697,26.934593680243406,0,-3.4636048622086606,1,0.056894936976953255,-0.06414127676422925,-24.683151857802596,0.8561283375650421,0.5011817663406893,0.6968754370420474,0,-1.7522920225739853,0.27929831508793057,2
-0.5180765030071248,-47.65561975060501,28.65145650446804,0,-2.2518238819797025,0,-0.5321545303347022,3.4559983095765903,-24.99318681271346,0.8649707896912269,-0.49143379020817407,-0.857081330868964,0,-0.6643578863056433,-2.502471950012577,1
-0.42115632912202067,3.7179744073205705,29.78467923534878,0,-2.218005561229376,0,1.2405449746164445,0.41050187615759737,-27.43129084069337,0.30233881547438274,0.8074322704880171,0.6860065524202658,0,-0.20754634639835765,-1.39244039125512,1
-1.423480010750196,-21.056389818822254,29.59503608381103,0,2.3824444691251774,0,1.607095573986388,-3.453111288169524,-23.519714176175796,-1.219822472651905,0.30649276106043405,1.5937704510019028,0,-1.795564652715067,-0.027083950040601823,1
1.960328560572778,-133.0833487854694,27.272533124195363,1,0.7843109472520653,1,0.6643427384747452,1.3884352239396915,-23.295431102264573,-2.4363049802141354,-0.3552664579914572,1.2780138150939675,1,0.671423039819214,-1.752622832028825,1
-0.6650208712255933,-66.84224004096595,29.63070915496132,0,-1.5510002906693354,1,0.6002885270395418,2.516834459687025,-26.202575399705708,-1.608226000317297,0.012515428538177376,1.1413426006677634,0,0.3566757413819842,0.7815433409458921,0
-0.8316309965709261,-77.09573574081384,29.586796924920186,1,3.5643787603224983,0,-1.6082381824180245,0.6266410136658935,-22.051386130050805,-1.6638204956571618,1.0542964691148644,-0.05745954129599351,1,0.8426621295579267,0.4710721578068644,1
0.4241181319516206,-77.48845409955699,28.577399815133592,1,1.2257592568768203,0,0.5142828478252635,-2.688759258134555,-28.302004572059733,-2.313781828967328,1.2138194549041676,-1.440986112704097,0,-1.5927715385522225,1.7964480913708405,2
-0.07796984649486036,-93.7130113065393,28.564202699301106,0,-1.3196728818724905,1,-0.03429904330396771,3.2710159816423703,-25.80756944890938,-0.9579779358100651,-0.07913678066078901,-1.1390662560757265,0,-1.0184009672193621,0.10943258188339122,0
0.4463059348811591,-161.54726445617442,29.301496522780415,1,1.290721899727695,1,-0.541380967042094,2.4384530462921434,-23.34115234380665,-3.2913749554335436,-0.15568817711145228,1.3854780400025655,1,-0.5443880023286186,-1.4283109101711176,1
1.7809295372627554,-59.162202903202555,28.38278158312082,1,-0.24503007054324732,1,-0.06370131508035609,1.1653072658814527,-24.20133103325399,-0.9373578760839675,-1.2251370178308558,1.166452466328602,0,0.4931301850405772,-1.1869219586229751,1
-2.4453887289911007,-113.96201613038073,29.247853966486115,0,-1.1044026699933205,1,-2.660844522644466,-0.49623893269148506,-24.008569878014768,-2.5003370840137977,0.6788333436726385,1.9203365005440025,0,0.7503244276795541,1.1191712031126526,0
-0.7692765496118471,-30.111276324442372,28.76148154953775,0,1.1669783731916539,0,-2.2940008878799123,1.7690766918221652,-26.74628952959825,-1.202825359974148,-0.6325955304529794,-0.4058263238415114,0,1.5142835030138835,0.9115791133735228,2
1.3223102923051608,52.93893909373747,27.155209235235358,1,2.8617162039059254,0,-0.41894574921946487,-1.0551032722102882,-24.31036717263248,1.8482803041283933,0.7134056991295396,-2.674192725915334,0,-0.8882442261396044,-0.19900935271671183,1
1.3720768871792888,-24.05422218623082,29.79009666286378,0,-0.11741286999258171,0,-2.0763288541259297,-2.2954116620011056,-22.640656413837384,0.8430724699645737,0.37223243485223556,0.42310146678300986,0,-1.3601108923977452,-2.9786232314299417,1
-0.26636645647773505,-59.966018738879534,29.18512124339395,1,-0.07638913125501678,1,0.8828655761667431,-1.8321846014214092,-26.80582926029765,-1.6827188863211215,1.5694517534166816,-0.6420898478664778,0,0.5101921630165877,2.769553483530892,2
-0.142631004133995,-147.6395820031452,30.44158033294105,0,1.2605280452352874,1,-0.17951713042728396,3.2672756366927245,-23.730145388631982,-3.554362536973381,0.7542466964154161,1.8040355410873805,1,1.7246167755687534,-0.10052692615663683,1
-0.012821658607928846,46.36782651686632,30.24730927293148,1,0.10369241565759146,1,0.8961537053584392,-0.3800934020481148,-25.389367662829656,0.04998776770280118,0.020572689934320015,1.2939696419362563,0,1.3454510291994095,2.1260426229362244,2
1.6405760862535075,-84.8173335532456,30.13426861216444,0,1.0251741376255636,0,-1.370822447136484,-1.522605042256275,-24.205625143617272,-1.6369241727083395,0.037545385147335325,0.2538628490216399,1,0.5265742786312851,-0.1826231782258727,0
-0.54335493240443,-19.376552721069206,30.753516892247266,1,-3.8273928945309814,1,-3.2101326923476394,-0.36038964513053884,-22.865521744746825,0.6678358170403031,3.105107038655516,2.0587887012700943,0,0.7995241411348966,0.31511551373445423,2
2.9504545727033986,-35.8085879342599,28.42357618261387,0,-0.5761068755277825,0,0.01298940540652137,-1.7329784186424053,-24.879724882430217,-0.11673162203805046,-0.5077168107185472,0.17244343647019922,1,0.1599636429754864,-1.1324901120968542,1
1.2352113521711852,-90.67694987859309,28.15630539010749,0,-1.0992977867031524,1,0.2590616735988909,3.6362786327764636,-26.209405505774022,-3.740687663342384,0.5496063960940674,4.145744311427377,0,0.364578969781334,1.6131327147546162,1
1.0004367101500695,-87.1619447191139,28.559183903902245,0,-0.20600397392358016,1,1.678198428905239,-2.202813343833978,-23.901821689138043,-1.9717888143710864,-0.8951182516431704,1.7584119468572743,0,-0.2289417628066385,0.246018978487055,1
0.07836632308457979,-79.75704466103439,28.51919795158518,0,-1.3157691913665792,1,0.5697429065327339,0.0964067450080792,-26.253019005774767,-0.9565164745086755,0.2950214101922324,-0.9763685482615362,0,-0.8297972874995067,0.5297722489369352,0
-0.20711691606157775,-96.71532539501266,31.080660564545294,0,-0.22222818615194895,1,0.8792117228521986,-3.7891350540131907,-23.825069760759604,-1.454974674176096,-0.418113371971024,-0.03531248953673316,0,0.48851949015173823,0.882531217401464,2
0.10506043921604677,7.103615927152876,29.1929268204617,0,-1.6867659464502336,1,-1.6096009715086546,-2.4101002935807343,-24.937671804998566,-0.8012534443612037,1.5272357334102076,3.8254092328116585,0,-0.38759242632784463,0.11162322482628961,1
0.6680683114064577,-75.51970169575222,28.934907245612614,0,2.821094940089841,0,-0.6449437037709602,2.3201031119690594,-25.589930418087988,-1.6835636623827632,-0.1594493294535042,-0.7606028867448482,0,-0.9640708846798121,-1.5266033024021333,2
0.7792014037046465,-66.33628717185415,29.54333696402081,0,-3.3642825158062966,1,0.7602299685247189,1.1210155716215329,-24.657406206238903,-0.07637422000940403,-0.264739846240728,0.4044977851560527,0,-1.8790718902427495,-0.21486727178468978,2
-2.4273206368538838,-81.69331093210882,29.236727714722168,0,-1.338534381892468,0,-0.7852705571441517,0.011101236818745856,-27.488503549306667,-0.8916699949151428,0.08164492727127029,-1.7314912114975196,0,-0.7013748946693474,0.0024882329448684404,0
-0.18657439191995664,74.31169862732405,30.112590670487794,1,0.6797661941681513,0,0.32209663189974297,-1.040198630807729,-25.381622279703343,3.0557347843758778,-0.13459263379364078,-2.6714560727113428,0,-1.8891799604174146,-2.236634397517556,0
0.5073771628101967,-6.534173152798471,28.31651125203995,0,-1.1429686497307654,0,-1.6946355428364432,0.536825727267057,-27.374195388418887,0.38129909714781773,0.3954659779144496,-0.9442633136367831,1,-0.4656997967674631,-0.741019045345293,1
-1.1555019891567897,-15.662777528314534,28.594742971828378,1,-0.06127692111135996,1,0.05176621316241834,0.8509273352109534,-24.185602925393567,-0.06027439011544557,1.0637223510404044,0.9871689692812107,0,2.087946735232521,-1.0542975299245065,2
1.4276768376281042,-70.37458121727882,28.45491502172299,0,-0.7354750732641391,1,-0.7083633940585271,-0.1604362798426159,-24.067425916335647,-1.9963260392115207,-0.7791438631626801,2.757188648173852,0,-0.22676841349822655,0.4211175559096938,1
1.8452188297372212,-59.08052557739044,29.505445925672003,0,0.053450198525940795,0,-0.20579627332274142,1.208600065426981,-28.099748399257578,-1.790528196348683,-1.8834674106936629,-0.7561870461149987,1,-0.24843784821475462,1.607196724121857,0
-0.5047661183861842,-30.847924126539883,30.209803926780857,0,-2.1523588395963946,1,-0.12710250808058499,0.8612752348508338,-26.195299933517575,-0.2820783748670923,2.0295381896973144,0.2567511812438341,0,-0.987000933513541,0.7084043091032167,0
-0.17474272411509464,-100.45688902908445,30.089195715051048,0,0.21884628300729148,1,1.5421857600496092,-0.541085594413744,-24.72512222780309,-2.211758776962349,0.3248250605155186,0.5069868750251378,0,-0.06089903393338137,1.137130709867964,2
-0.44953542851663003,-128.4572418480857,29.23417708975653,0,2.6184350415023223,0,4.0634620902257135,2.317444497316747,-27.948552083753768,-3.541215075732211,-0.3683798612915619,-1.189154217405524,0,0.38050688414368433,0.5031019558103884,2
-2.1636105037194087,-11.589783791800432,30.228106249427785,1,-1.361682462234224,0,0.09930467231193868,-4.535038941395044,-28.58720351005211,0.2680040598426044,-0.3338310363692271,-2.1906391188827907,1,-1.4537197194315223,0.8244929818929675,0
-0.21232074423278655,-37.566550104996765,30.77401622775864,1,-1.240953084744115,1,-0.028115650549849863,-1.5832249901005153,-25.31541690709112,-0.5035443191823048,0.6173052844912152,0.875619547216367,0,1.1297163911467563,-0.4958613157928843,1
0.07608519995481593,-11.505222865821798,28.14164079766568,0,0.946818702715837,0,-1.5327131629345272,-4.573668165544054,-24.90823032361844,0.7945304751276498,0.5390066938399849,-1.4994631368050961,0,-1.7319725531672563,-1.9455612673781602,0
0.3938324355015361,-77.25931614299046,28.54456829671775,1,-0.6862302581787882,0,-1.0890740808186936,2.1757553833393577,-29.318873085622474,-0.9530195295948147,-0.8631736216407727,-3.9858327303160483,0,-0.2716167268134365,2.3283918865488817,2
-0.95714575467532,-110.79679333535421,27.897245416592803,1,-1.4299420072422833,1,0.41804547459694885,2.1475140645144766,-25.701096924937634,-1.8242719062886545,0.3178968581065802,0.15586091027687243,0,-0.6736177682574022,0.13694035668351845,0
-0.2687801648709173,-112.76975299587578,28.807969772711864,0,-0.2427631694804343,1,2.3386856592187715,2.0460072325631113,-26.405609064311353,-2.920460676031494,-0.05986089252352667,0.9169894051687943,1,-0.04798188256699975,0.8962270271494086,0
-0.6407911165079839,-37.37139650618691,29.387420594949255,0,-1.1485836430604581,1,0.5212770536831057,1.5519543054934315,-26.637125214419427,-1.1347715884062552,0.01343132275180783,0.6439087438264766,1,-0.46952992847981284,1.2783275104889746,0
-1.3765215156431454,-64.9780682876424,27.998144990993875,0,-0.6796253381604451,1,0.3445991633797613,3.9626411233534253,-25.584858310459442,-1.91001410806696,3.0329967172811223,0.5807605573566406,0,-1.7351288139786603,3.3216889190069163,2
-0.9813318320681798,-54.20293449107246,29.19509084129386,1,-1.7492629673556845,1,2.34196036542904,0.2567529812982507,-26.632460498462102,-0.6125888218537062,0.04030883418611061,-0.48051687781901464,0,-1.080409817044423,0.4151874912498771,0
-0.4573425670722427,9.878279963446575,27.254603264874454,0,2.2006414300341275,0,-0.6332794406117777,1.4855032915396365,-27.802949141202465,-1.4074499239123601,-1.5376011058837549,0.8635708873608092,1,0.9349537797931278,-0.015680158902384056,2
-1.2694915968551264,-131.7397136848764,29.694340101940526,0,0.09872951977674149,1,0.24758925744714663,1.1194983603825666,-24.052369810426093,-2.6500854178788646,0.8959411174863399,0.929958352767243,0,1.321477758247354,0.3276268505390981,2
0.1613974431215761,-21.626915509135706,27.719730169589923,0,-0.227607075093178,0,-1.3252405884078275,0.7734914356137319,-29.523206867376114,-0.0678705607701824,0.4670852800081606,-3.3792918734942132,0,0.1547894399741821,1.0912640338455109,0
1.269284096678927,-64.27992432648199,29.63515630103925,1,2.5432660639191504,0,0.5966434336067375,0.336640337497343,-22.939461299753077,-1.0066886950288503,-0.7315852938682944,-0.47608143577093864,0,0.5602639184200096,-0.24714928416195336,0
0.14977764025908757,7.342520643786904,28.618563099392357,1,0.22921386151252943,1,0.9181080899089671,2.7486138712525254,-24.16696144721847,0.15609167957733627,1.0897518520045115,0.3639392396307659,1,-0.8002937727572403,1.2300338527743298,2
-1.647588703720172,-92.81874529011967,29.684938533390785,0,2.423457078213951,0,-1.249044940035192,-1.6020777419861065,-22.83421827247342,-0.6377973214250982,0.5380865269706955,-1.755428718631662,0,0.9423439846417008,-1.8127000037506105,0
-0.4194879818784054,-23.992469311814798,29.229228601786847,1,1.032868249537154,0,1.2255824222050662,0.4996006593973314,-26.364968982819924,-1.6269247192316592,-0.3173781633563645,2.0672428367813263,1,0.35731198287873683,-1.2398490034848644,1
-1.1528799485971342,-23.145066787519823,29.78596946358975,1,-0.9103191799482592,1,0.30288440160992103,3.5140676837968248,-24.937071357869165,-1.1739914524727093,-1.0043187018790185,1.7455168410913378,1,0.5365293901673688,2.469078482986718,0
-0.6185296348620489,36.89294199517948,28.84006112435777,1,0.8979521510386954,0,1.322508893355248,0.09894350381559111,-26.8861442555738,0.16405944996885913,-0.43225392400314805,0.4167066898419912,0,-0.3357818909775934,-0.8639306195784646,1
-0.6424311174457692,-50.350128202001784,30.045827248936316,0,-1.6984597823779053,1,-1.062464022274522,-1.2012783344949953,-27.11542129498128,-0.6363718869029509,-0.43306620673060336,-0.5704839318784509,0,0.2754671639569915,0.3700361558045787,0
-0.8203063829938019,8.89381647424293,29.200051295025517,0,-0.4879428170853417,0,-0.020287060460105217,2.138990248415471,-30.54213122295552,-0.9361428450042194,-0.8867912582274671,-1.33784255641039,0,-1.8199400748371246,2.977268504063952,2
0.5464237854812163,-143.0855022713396,29.696292982285108,0,1.5623051740970695,0,0.19484983388413407,0.44718474365725064,-23.795065344469126,-2.914297515545423,0.5959867858425428,0.7301608052312509,1,0.49369031030125554,-1.0283045174015941,1
-0.006305989020429391,14.904809383882695,30.94644372467659,0,0.18125373031875347,0,-0.8483469329760384,4.059264504819095,-26.675992419318767,0.47098173001327726,-0.9030308547977832,-0.5545077177729569,1,0.4539621624798132,-1.0203938967166606,0
0.14067650311479313,-4.862351606241847,30.52465428087677,0,-0.8572225979989849,1,-0.0038296172151726566,1.8935949752156327,-25.300694007182162,-0.40567144182368053,1.9068513018669755,0.8682608837166907,0,0.3354123233269394,1.823920293110552,2
0.042602722517666974,-41.90427720409835,28.75062597566426,0,-1.276760947748516,1,-0.05749590143161146,-2.126906977005107,-26.547669073614657,-1.3331199891360654,0.5587985241735185,0.5407589443924925,0,-0.2320047202360872,2.411438624857472,2
-0.5109663707294438,-64.23822135375111,29.07939327173355,0,1.5685611732660438,0,0.057684718418677984,0.5799227578153718,-25.26736525398097,0.05573210820847274,0.30130942912157954,-2.8771187495510326,0,-0.8681431343576316,-1.9390382654484872,0
-0.3223188942693581,18.93430618888918,29.258530482275628,0,0.1802228417771894,0,0.06528158753231338,-2.095845133713327,-29.432517394644503,-0.5199142141811104,0.4858983048250645,-1.3762994970706584,0,-0.46765431655715606,2.4725631564572383,0
-0.9935852975204081,-68.10444724054476,28.018633551475197,0,1.9291991139001947,0,-0.8105690546047919,-1.8648371080650352,-23.99012463871546,-0.9284437521009661,0.1233781945189028,-0.9207606775262307,0,0.041659500920760095,-0.5357746411777206,0
-0.5064811263779175,-49.59897248922384,28.388006032500474,0,-1.9110698117829372,1,0.707729146801861,-2.0101527887744433,-26.192289492696567,-2.4703849637608553,-1.0702828798259956,3.9277474116368447,0,-0.5191488546476297,1.1643216747143859,1
-0.3715995316834136,-81.0813729916048,31.31140891623909,0,-0.1604209832982899,0,0.24189837734901537,2.941144076405886,-25.642464674450025,-1.1032289629184704,1.0443216139316667,-0.5891893017849255,1,0.05002122041202785,-0.7452105208803581,0
1.7421303170897107,-2.5880830191611572,27.364879522297095,0,-0.3533386974170427,1,-1.4846594674151872,-3.8101578084267507,-24.107080009613405,-0.7768331773763191,1.7933650130802714,1.6845832960406604,1,-1.2303510014644639,2.9898760682309256,2
0.9082860479114111,61.11670352207601,29.589598907820093,0,-3.989431835042272,1,-1.4696406111541773,2.3541443934668003,-27.63864212338171,1.6813217460169192,-1.1552758433916082,0.5808274403482081,0,-1.1471635073334676,0.27115275683363893,1
1.0038855589353626,-9.905957241689348,30.74808847082377,1,-0.02330290543391711,0,1.0418383382749157,-1.6639191300400327,-25.976888749310714,0.3129034734037553,-1.0205424622681663,-1.4351817740312616,1,0.1614884865524495,0.6025775284638197,2
1.3857821647557904,-43.52207990403123,28.47783526517949,0,-0.4400930333306814,0,1.5297313050593264,-4.001866400132621,-28.636274009677635,-0.7319268116092383,1.525710375526235,-2.537150651653006,1,-0.43276289864321393,1.9152945012355576,2
-0.668720441468088,28.47713878753578,28.539815312619385,0,-1.250712277962909,0,0.5847396991858052,4.01995266792299,-29.83637900173015,0.600446461094845,0.25477407649270556,-2.1422449795263425,1,0.6695586037596428,1.1847652167969274,0
0.8030261406054711,-94.5234323424089,30.99726440400722,1,-0.8638747121812207,0,0.41617301975132354,2.4518908072694017,-26.46223993797945,-0.45104094715764775,-1.0096183665888687,-3.067680182070354,0,2.10423160819002,0.20017610749539783,0
0.03681871440520142,-85.38763112046279,29.306478663270138,0,0.7251106511970854,0,0.9213857354035372,-1.5374005763958811,-24.872922264710066,-1.5526619610765544,-0.731788627846651,0.5355061728684187,0,-1.4153539022057775,-1.8105931243724744,0
0.650558278464465,-27.08984446632109,27.88394124827928,1,2.023932924728686,0,-0.5159379529936875,1.407666707732581,-24.70213109322472,1.3527417037811322,0.3952533548243025,-3.761186397142024,0,-0.6753271491052184,-2.653693387925102,0
0.1147247949577479,-59.96954807675944,27.98467012082514,0,-0.5861037214123048,1,0.010301781147886468,-2.256016367918149,-25.169114294704773,-2.1284035398618815,1.1862888393962416,2.7766175770875736,0,0.7372609344466405,0.3128865505707392,1
1.1247185895458636,-64.6473698845797,27.78821516987794,0,1.3755030757965097,0,-0.6285933009351188,-2.6538205651083415,-23.452716802699246,-0.4564780044097222,-1.8737842204977657,-0.7515462122692468,0,-1.7703859832749282,-1.340296270135266,0
-0.34175161111441243,-63.736812791714925,28.74612077608774,0,0.2925358882938749,0,0.165974219585792,-0.7392507541313108,-25.31449925537257,-0.799563672231703,-0.343690266244017,-1.711764444155021,0,1.1729855114793035,1.8409013994277852,2
0.23174960701077718,-150.697188652657,29.828694447251127,0,0.3779381189878783,0,-1.216598120333887,3.1627166988017126,-25.86152437744829,-3.072510856103407,1.3720136719059501,0.20160629282750964,0,-1.3263448742052666,-0.8306412744263972,1
-0.9024179090776978,-38.81853862167581,29.821683950600022,0,2.7994582958421157,0,1.7254539515464065,0.46661270998873866,-23.01632180583169,-0.24235960687830063,0.6734343082227517,-0.8996024657353803,0,-1.0570795903425905,-1.0948924156680686,0
0.8434208949382209,-24.597084116518225,29.61341449410157,0,0.841038412463742,0,-0.16390270995194034,-1.4345491785749276,-26.054390281393967,-0.3372601826586424,0.10529354045536801,-0.714210776827831,0,0.2302473435136086,-0.7543590808358513,0
0.5860644151432353,-9.64806877439526,30.5835909103182,0,-2.6125000986525455,1,0.7250388550785437,1.03680420772951,-25.494034366033155,1.3391206506248472,1.2868292164249389,-0.5185919507071646,0,-1.7445134808920375,-1.9201167149533314,1
-0.5187851941484809,-130.75370779866896,28.41930439283419,1,1.705702866748375,1,0.08405333892804324,2.934501257153893,-24.694441797652146,-4.235661122174569,0.22156711004923493,2.7304166848722433,0,0.4549446716407443,0.9214524931395054,1
0.23053508205819587,24.065284988781762,28.4824835152228,1,-0.072631637052055,0,0.688893514244073,-3.2825825400485757,-25.280525710644028,0.9577096408745005,0.6912744338003219,-0.29436538989627214,0,0.7600758378295739,-0.7662945823499849,1
1.076455117365872,-78.06635040600408,30.56231501575075,0,-1.0224188826229528,1,0.2331511545943504,-1.065831839143538,-25.321857926645016,-1.9026659846369007,2.217312945721086,1.052813860658983,0,1.7965491573000896,1.7558006015463634,2
1.9804564157733746,-36.11652066923733,28.699723065901285,0,1.9010556476657583,0,0.4558522003541202,1.4535128908343937,-24.166952205887068,0.3757100020695119,-0.6273875222250853,-2.756810119737196,0,0.9764891085683454,0.1046775268128497,1
-1.0382733212219857,-41.335308060954844,29.118300265076037,0,2.5676613002672033,0,-0.34912296491726535,-1.0510874652794011,-24.488680885398136,0.8662845644340387,1.480003740426604,-3.7208870878730185,0,-0.937660968337901,-2.287109897325613,0
0.5276055390638822,7.836376232836048,28.642887930817864,0,-0.7081701976901726,0,-0.1365526636440445,1.914478927924368,-27.710515799085645,-0.35431150013045004,0.7418731829765206,0.4625120954446946,0,-1.07682483457335,0.10535359786465137,0
0.18407287063415065,-96.8089803113149,30.520301185553038,0,-1.8196539660826532,1,1.0240490171394712,0.44915017721679,-23.043613923022143,-1.5806567205459383,0.21670047733913542,1.7599333369140169,1,0.17531728506021133,1.069607085656024,0
-0.08257129291443485,17.239490155232435,28.885119308338492,1,-1.8568100523665154,1,-0.6923125814416012,2.335080292713745,-25.038522296287532,-0.15456694174494706,-1.0431348829919496,3.0323180840465755,0,1.0441998577005926,-0.20678250701682632,1
-1.1659608488696238,72.87796430077307,28.376974558135352,0,0.6723159013357671,0,0.4696294765869996,1.1463203854091635,-26.527128627039026,1.5566268688487728,1.243475607617096,-0.9737846710683584,0,-0.3851433564558062,-0.20741491064603157,0
0.3796592423280738,140.9116795985149,29.057033079593523,0,-1.1230562453778012,1,-0.6714170689937339,-2.009309091780289,-23.209023852140827,2.4571836351726457,-0.9001465535162304,2.6252826480347236,0,-1.875611208775239,1.552362747930295,2
-1.0528511834536047,-17.4007698435894,30.553184776271266,0,0.33686565727691953,0,-0.957717527548714,-1.987380192251365,-26.14370825925386,-0.5779351947376701,0.3037551714502389,-0.4243911306796777,0,0.6974162457239651,1.2602013298220458,2
-1.6292534345610552,-97.25649485169126,27.862077263428322,1,0.8169268230130613,0,2.6286977807688015,-1.128030823540531,-24.730615393491462,-1.5936320995052151,-0.7148341930060949,-0.25576439080578184,0,1.1087811681453423,-0.9382261337101664,1
-0.27928626494416203,-120.5901865648604,27.96663904821221,0,2.9916380527775335,0,0.7246426457890781,4.221505502079239,-24.30434937242765,-3.418145233962469,0.35113764231770084,0.9752334881084734,0,0.20744187333957248,0.3025217018271761,2
0.719805348012159,-103.73449467029585,31.03325058477908,0,-2.637358690400456,1,0.9161469208386958,-0.6237347287319481,-23.903502439032334,-0.8406378396942361,0.7674051776816782,0.4116864215607733,1,-0.867295047352162,-0.2639730353815368,2
2.084684051712904,-55.74119359365248,28.97582312995524,1,-2.654637976742647,1,0.6183328779755094,-0.017549718383024295,-21.91501349125,-0.16398500240877717,-0.3383138672830395,3.2215107145292703,1,0.21646648672209068,-2.40672279737108,2
1.0434611518663301,-70.54369472547985,30.903508561168227,0,-1.0318719736220392,1,1.0699604908197882,4.548600558397709,-24.535714859988666,-0.9260822651896133,-1.8946035239126267,1.0765906265764673,0,0.37357204507034364,-1.4277976976133857,1
0.7859671837100008,-36.322657413317046,29.306280916110822,0,-0.9694369728546832,0,0.011953267419967764,0.8263468839569978,-27.78249846896525,-0.6922020429354834,1.5691159996870414,-0.9520187459643222,1,-0.16065170399511597,0.8633812638699843,0
-1.173500465188901,-20.316673691699506,29.5970263024673,0,-2.4502340418960062,0,-0.9179644310141704,-2.7140680664837395,-25.097763801575326,1.3347413048671959,0.9122617763513362,-0.6724125320660916,0,0.38522726619131226,-2.344054342473746,1
2.0397511040220677,8.157901134011475,29.15807590990784,1,-0.6273881562239136,1,0.2286692813077593,-0.9557790460178021,-24.71721701296034,0.01553581727732543,-1.6166429057620555,1.4499939848412615,0,0.7803271455198165,0.11316438962199038,2
1.6066618884003672,-54.98834609017358,29.756078822485577,0,-1.238964518555095,0,0.140222922729932,-0.4898488235943333,-28.20784271771712,-1.8750036604846527,-0.1289820879141627,2.1941232988510233,0,-1.5827613975683508,-2.4518879693938676,1
0.6207147338646949,1.3630251994059615,29.38518182417546,0,-0.23982491322269195,1,2.110388029098424,-1.3464036292124792,-26.829527973320534,-0.948923343984678,0.27304006852906415,0.6034323656218223,0,1.4147958456078542,2.695880229261435,0
-0.06433244066002977,70.12750800158209,28.95327597230163,1,-1.0840851634903368,1,2.5073481367477157,-1.1439556831955142,-24.834909930034136,0.9265462722807953,0.17588001321129815,2.3339490951276183,0,-0.6717078361445996,0.3701070933042817,2
1.7146405961322617,33.81159913423644,27.764293976000385,0,1.001856381809654,0,-0.8404133228267088,1.2835540462068937,-23.412263418284684,0.7019170297390398,-0.7455632504463497,0.9595698225125995,0,-0.29066719321910506,-0.3908853586879728,2
-0.05348245372079202,9.856038202579875,29.889414398833395,1,0.49008563841696773,1,-0.988996970013448,0.10260842622523533,-24.761366035879444,-0.17787869658920005,0.3592880995741115,1.2472363605891064,0,-1.1888306143081386,-0.11467140257527464,1
-0.5178779274255995,-157.65069775728048,28.67876662303046,1,1.18843023487268,0,0.3447199437771672,-0.3973591581520246,-24.705247554643066,-2.642590610816324,-0.42690230628434783,-1.032733112741448,0,-0.2287215222521074,-0.5594258098898929,0
2.7081900490240507,27.815165434105914,27.10871953511741,0,-0.22783753208065094,0,0.6625900262866017,0.1740740995958131,-27.917611538336764,-0.5853455802549727,0.14046116592795735,0.37048390560436784,0,-0.6058716094191762,2.5225379852637824,2
-0.7030311776127747,-21.545321966932978,26.548894583740704,0,-0.2769417242146812,1,-0.7386614146802202,-1.245605772175685,-25.242682856452706,-0.7736350953441897,0.17500985289950696,1.1572325266864523,0,-1.6101047381819722,0.4589731290796283,2
0.7991912694515568,49.65169916293099,29.96299619187079,0,-0.7202618339511504,1,-0.2778515221428007,-2.1891224912557354,-24.5577870863853,0.5945101466805948,-1.6840216372131873,2.374750519219832,0,-0.6335577144618749,-0.3309473107773544,2
0.02990765893631338,-43.95742884423267,26.64244989821726,1,0.2684551430806995,0,0.20767601384902587,1.7471074492919392,-25.99202607220669,-1.0388209269381075,-1.4619359720887137,0.011215560468917474,1,1.0686925049642972,0.19496915144932236,0
-0.3930233469964561,-33.320009953194365,28.13924623647232,1,-2.541292571129153,1,0.8314041574714165,3.3139995442918186,-26.799283424268676,-0.4772773544228927,-0.7834866943217756,0.7737679082616589,0,-0.06610003257430695,0.018929243583856614,1
-0.24273471038442038,-19.08403223745777,26.613314932535975,0,0.8172919035066115,0,0.021390639258556676,4.295638061634124,-24.949615978885955,-0.014233036043327955,-0.6094168348509896,-0.37027191283951477,0,0.4983321797795506,-1.0209108013020327,0
-0.14882895253328088,-25.244320568917228,29.119217168574938,0,-0.6165077376902284,1,-0.39646358616058447,3.218915898354556,-24.69865764543371,-0.383173165030736,-0.5700380317898017,0.8912411399630377,1,0.4682812272904292,0.005082435721377454,2
2.1128770766292946,-84.77578916735732,29.289818136048666,0,1.5324888064571516,0,-1.2891077075932895,-2.440558073183383,-25.498764400088426,-1.2256808254835696,0.012775276438803853,-1.8811573035221134,0,-0.3938037190606946,-0.03191650670796409,2
0.7297807065073884,-137.7025186127065,28.499904526253268,0,0.5694219614307923,0,-0.2461552287640376,-4.25761194309695,-25.26226358355711,-1.5770143194719763,1.8381808811677192,-2.1417424681026795,1,-0.6178847338216871,-1.2194763504927995,1
1.7210826960193106,-77.67341841239352,30.187540446612424,0,0.47061024835164145,0,0.2224052516757053,2.3564463038314116,-24.68713527787939,-0.2160349383679847,-0.258367703138529,-1.6905963193370361,0,0.1271327956670147,-2.0718125503174765,0
-1.0255073898675122,-40.65986575247122,29.00226606153186,1,0.46007759398922565,0,0.6963961080792842,-0.0001263855792718895,-25.889551777998417,-1.0262826864016255,0.4005177176368772,0.29419244090181396,0,0.9088919358769031,-0.3482176699253874,0
-0.40656588810611105,13.315875064268972,28.25824606586503,0,0.4546965239232681,1,-0.46317248569953057,0.9453209173326991,-28.029400746177217,-1.6551593752430978,1.2549572400120286,0.7928644516655124,1,0.2952203750663475,4.302678706821347,2
0.4564893949566316,-52.90463179796371,28.26655781042886,0,3.2389062224484504,0,0.620817781043802,-3.8354780535941693,-22.894472518934396,0.21228328596450188,0.6826663743471629,-2.2680379385352127,0,0.7549038465628384,-2.2745576810371384,0
-1.7948647726064195,-74.01069280068462,29.286193093078747,1,1.1717108415072037,0,-0.4494591629738936,-4.007467951153243,-24.86663031844109,-0.7076346725674998,0.7937364988373277,-1.858464096285568,0,-0.43494952350119226,-0.1484623038631636,2
0.29706421097190705,-1.329806087987593,28.168730978006423,1,0.03481034862836041,0,-1.169377840262142,0.15937044311506476,-26.266150914480846,0.6902453804713348,0.9234030510427575,-0.984373594386501,1,-0.03235200230571931,-2.0207546013243967,0
0.4734378367816357,62.530248556646995,28.50668718932518,0,1.3886436928349868,0,-1.2910838959116349,-1.4725539241905212,-25.184422938550163,1.874368070105888,0.9209631758662202,-1.2884320859113818,0,-1.0391643367578083,-1.4275797022317696,1
-0.4128505920244188,-75.40071395273785,29.466739536642145,0,1.119763125259848,0,-0.9612922334238059,1.069594818394919,-26.042012339928526,-1.5974624180338945,-0.2997953467876136,-1.104745625768464,0,-0.7921747495524134,0.9528902963879222,2
0.12110616704833492,-154.03006694989702,27.862075616427454,1,1.8806478675665468,0,-0.09461914409692462,1.7227769183965236,-30.309025273138094,-3.4915549913991235,1.771174684719582,-3.541100235311398,1,0.45992555276163904,0.843380596369328,2
-1.5564629676557116,-37.57905005242698,29.667416884655406,1,-0.3071753033596851,1,1.236589866966449,-0.5719339862966738,-24.83371430350965,-0.9846916948663043,0.16324576818906567,0.6964416800784761,1,1.0823526672476038,1.5927067322283177,2
-0.18816847825390332,-94.01749221158836,30.146272345049262,0,2.0551953064302815,0,0.6209937403347008,0.10030571267095391,-23.18169968226509,-1.5769086042445282,0.19862637584302337,-0.036292526738996966,0,0.8455270771729109,-0.9738627147650076,0
0.5283959934235193,-74.11788114738056,28.126474297705297,0,-0.2900650096226447,0,0.9595873326037199,0.5772049428779735,-24.125475366392234,0.18160121551902167,-0.18493967367680078,-1.3352720018585962,0,0.18793936283410995,-2.5425128331353246,1
-0.3712098497730466,-57.90296120544303,29.541787873413565,1,-1.1201988896749124,1,-0.1567275155819806,-1.6933793572329576,-26.847666114525186,-1.0296733383493795,0.13392538211579588,-0.45358951564575434,0,0.23300182439447456,0.7959117265856885,0
-0.386001076835811,-125.96152056555275,29.015927499421636,1,-0.4830119149380083,1,-2.1289628477942593,-0.13768288259979655,-25.11290022993354,-2.7888026650391944,-0.705852268109359,1.5738014120961996,0,-0.12315350344193152,-0.43496384718559444,1
1.4568839588330578,-98.71432265632947,28.231116997624742,0,-0.5137623226122203,0,-1.0029494153421306,0.6686486977993336,-26.816497071096755,-1.2223107667430748,1.8572627331764118,-2.0614868841415888,1,0.2700950831924716,0.3389640148054016,0
-1.3500229789708982,-12.454969116885277,28.83342498294668,0,0.5454186553746037,0,-1.3739981257716,-6.2461994525755005,-26.24831873778138,0.08479445562995794,1.091838540040381,-0.8480002820463667,1,-1.2501317920113026,-1.1638845451146005,0
0.6015527696983611,-5.743013357983806,29.250461424417093,1,-1.4008950044174167,1,0.08625225396393675,7.212465506170501,-26.02638562132882,0.6949778838295164,-0.2828722581356471,-1.5260278070676834,0,-0.025612948623259406,1.4348365993652934,0
1.1531642583645776,-85.25000468854661,29.314140503139722,0,1.565885075283832,0,1.1731013708541658,0.9378638797109736,-29.42168201636905,-2.769560196192285,-0.6494449281710397,-1.6285753654067658,0,0.5662655397978568,1.616997758092057,2
1.428886177361878,-87.17730295099682,28.443431209330583,0,-0.8627367153165862,1,1.5631409258958788,-2.6136762393306228,-24.698318818257217,-1.2435812813422131,-1.0486656695347523,-0.43067714396507806,0,1.6350227226323468,1.4821813276838625,2
-0.45224779357988726,-45.42765551975104,30.21369921041009,1,-0.8375029592630963,1,-0.1335075733972788,-3.0011468443879665,-25.212905216690537,-0.6746350536676592,0.3837419629529917,0.7546267408437496,1,-0.4163430506161272,-0.6550166518127098,1
1.8606082783870774,-189.7315366115373,28.098398676963505,1,1.5188875935966613,0,-1.4930153881167871,2.182983227265427,-23.965798111063645,-2.9382529453459045,-0.057392671134742175,-0.8236593845059648,0,1.3006434442488481,-2.3299596851537165,0
-0.6602495378610033,-169.07881662560305,29.097088742424038,0,1.0971188768205729,1,-0.6947646249474112,-5.018984642694604,-23.374022562780958,-3.3557779318036967,-0.7595502437982319,1.2520953263018777,0,-0.970960808616268,-1.302538630952474,1
-1.221570407468047,-63.97854904770802,28.822602888961203,0,1.002443769787667,0,1.9309089575723462,3.547690136332935,-27.26201889065703,-1.7034591162825274,0.679874979451688,-1.1514991828785128,1,-1.839895449527261,1.2322354978652275,2
0.46307993170201117,28.264982054391158,28.534163657277997,1,0.44390994877998435,1,-0.41572032351367283,-1.80416181352163,-25.588659269843404,-0.26406851867693654,-2.327336210140577,1.2405990507531217,0,-1.2854946854388034,1.1490521346843519,2
0.16773738075546088,39.0254812985669,28.884864331034365,0,-1.5728397644666432,1,0.8310885533076541,-0.5761955087823795,-23.58034914712659,0.9413104752106071,-0.005627963426405112,1.9082300273698296,0,-0.2329176286166109,0.6451863069121826,2
1.2182041907486505,-74.22268784117489,30.02521344006553,0,-1.0893825256876353,0,2.0368237527358866,2.4600093317606615,-27.87101279900498,-1.0382534297884034,-1.0335616215507242,-0.8826626104460971,0,-0.09831750241596196,-1.3913307843025127,1
1.0960471001967098,-46.60742726665147,28.96353282714058,0,-1.6868973767166806,0,1.1935015112973821,1.4243604178018519,-27.354160637904744,-1.021794038510169,1.4709567665954244,0.973565172719489,0,-1.8965374604940775,-1.1991441633807178,0
0.659332224417908,-95.90279567424426,30.65605771191252,0,0.6504552856216784,1,-0.09836297133884497,-1.4091315378328217,-24.046479012198112,-1.7261589207176318,0.9252517621690931,0.37218209803177604,1,-0.9240129554055447,-0.3132853245724109,1
1.9185798678723898,-87.60494568466909,29.590272318222283,0,-1.8102486144964747,1,-1.8069154003390209,1.2036033610662702,-24.994386119512292,-1.6512218737327988,0.298128273796582,0.7664375383676179,0,-1.2779713362149099,1.8767129293067435,2
1.069409966234974,-110.37632312089951,29.61858551686065,0,1.5852486295086894,0,-0.18541849981614944,1.9935404509961836,-26.51742396005504,-2.6630390127594286,-0.9672989399398996,-0.9567919778973225,0,1.7867647677362284,1.0410394010068857,2
-0.1987500860006501,-19.30871273005216,29.30969922193432,1,-0.8538117924793708,1,-1.4515731110115164,-0.4380382387090621,-24.898386069617906,0.3986903071225199,0.8830599180154565,-0.30502626579400993,0,1.425269667756734,-0.5473497645353433,2
-0.5821947588644067,-133.60457855704993,28.934458193885394,1,-0.5332656214673348,1,-1.2979680089420471,-0.35667704913331744,-24.89420023941278,-1.987514642565206,-0.22404891983826525,-0.8848851365147007,0,-0.428341279312392,0.7342008881826798,0
1.410546727433452,-190.15337872872772,29.425148544216874,1,0.29917059163053283,1,2.018298607616141,0.32654667385124847,-24.498733918288515,-4.3648600113891245,0.05246863958557923,1.8406471806024172,0,-1.2437120295026922,0.03330591610178235,0
0.48596415252857994,-118.81158346012819,26.625399928938656,1,-2.835867533557778,1,0.3298610013256254,-1.755103744871022,-25.859196881535624,-0.8007984538434836,0.7709140107376428,-1.0400918369862953,0,-1.6610996768258168,-1.1652347859625407,0
1.721654807196146,89.66044054060124,30.023467967100093,1,-1.530564856765869,1,1.300471618998071,1.2175755695362123,-26.733561688457847,0.5185552718207179,-0.1235713165762562,2.9362121231871994,0,0.12192222356033515,1.10573869123564,2
1.3580628473689262,9.772068094900007,30.19872904860069,0,-2.089274142825184,1,0.18225320956247404,-1.618651436022434,-25.394650100755133,0.3085096684476244,-1.4802901617423316,1.2887260674828684,1,1.1025318966891633,0.5357032834794332,2
0.1067413521388918,-54.32300417176672,30.318493631967726,1,1.8998495420201051,0,0.9999640608940845,-1.3099289459557484,-23.470099493249187,-0.6582354067284746,-1.0438510104096252,-0.5455288195875845,0,0.011158376794907623,-0.5737814144695133,1
0.6232589943762682,-53.45074557449533,29.620757229381496,1,-1.8709091906469821,1,0.12857613745431423,-1.5604825563820786,-27.164100522711614,-0.8648952264603511,-0.6230165599317409,-0.061100547788733306,0,-2.3912455695037824,0.2555289877695326,0
-1.3604657684625632,-81.14520048879656,28.306383710847115,1,1.2040088907054014,0,0.058645582357662034,4.633831657703256,-25.8007440669002,-2.4132844145164256,-0.1705428778284809,1.5260017490525706,0,-1.3062747070993148,-1.3294879584192973,1
-0.4704196482501755,-29.149938733833903,29.125910185055723,0,-0.4168441374320455,0,-0.3460988761674792,6.878493219729122,-25.23613009688929,0.5966107099217707,0.6955807450692294,-1.1694955854559688,0,-0.19107995225507063,-1.7858124046454402,0
0.1810710384046209,11.498242521394857,26.970929934394302,0,-4.109731358830268,1,-0.6099698692962662,2.583593609524138,-24.72562199902761,2.077736323716789,0.6613259010983535,0.738994523920037,1,1.135205804594053,-2.928212082820225,1
0.9144945777500024,-45.59920383720406,29.032105515448052,0,1.3675828554458953,0,1.4863378931726534,0.9158509213852476,-25.230539663179734,-0.49189718948874617,-0.8964535714590204,-1.2307967590682565,0,-0.08517220784918132,-0.6075458433412201,0
-0.3663297524525619,-124.14029077823032,31.33347500302476,0,0.9853629394079514,0,-0.09042690755332862,0.276185602494665,-23.66311888655788,-0.6570160347969094,-1.1514010682919484,-2.2463609193581147,1,-0.4046323779984347,-2.697995472207195,0
1.7794116475168535,-66.87723040849886,30.518619263328773,0,-1.0168621125077903,0,0.714408632870442,-3.1635533453100786,-28.222820576198544,-0.9157661549239362,-0.5726569377116922,-1.7775343724901944,0,-1.5002681444234054,0.19748952745266835,0
-0.33446781650923013,4.169904073080382,27.004162956807157,0,0.01127145532804441,1,1.213425380230878,1.2818508628720642,-25.270269600985234,-1.5304035183112537,-0.9364580494767735,2.4153557279726288,0,0.02428204234869783,3.6289313070994575,0
-0.007609680833135924,-135.10154339388333,28.810365458874152,1,-0.3320012359055482,0,-0.20996509506706162,-2.7857144627839205,-27.722666906030383,-4.0494893938998935,1.4896009119796416,3.397219643295456,1,0.40545108981043976,-3.1107265122801318,1
0.7191047631944341,79.96553539726872,29.572315398752625,0,0.2804113013707692,0,0.5425726211667109,-2.2360943835416336,-25.870096279356268,3.359523173286729,0.8049277978926672,-3.289705005948774,0,-0.8972697685594383,-1.838812785110321,0
0.6980166013574777,79.47329063601984,29.219671370241244,0,-3.625116224098501,1,-0.6287680688929819,1.0370326529741203,-25.96856179842363,1.5444100054360004,1.3672228573066199,2.707096698758601,0,-0.24409505425614758,-0.23421048957588686,1
0.6944577556137869,-170.90776046870934,29.052687809961206,0,1.5061254993412612,0,-1.0757272873927675,1.3981563275956552,-23.436636856525965,-3.2874597365480107,0.011413494060479333,0.7863306883219625,0,-0.42374063094193953,-1.5184437032986204,1
0.02436193926443033,-24.8976208900281,31.075673043186775,0,0.3967719468855283,0,0.5075956247108192,-0.4833614340945751,-24.86304039311182,0.14587140426526699,0.888097472387962,-0.7998930034591927,0,-3.5754947824960563,-0.6490379444004191,1
0.3016734562789867,-88.13318065610419,28.543901086886205,1,0.8551812581145121,0,-1.6296493053313312,-3.0458197679573877,-25.11383330695476,-1.9143903416910404,-0.24999130383067544,0.6781534891487692,1,0.8354026740656276,-1.1128261446697918,1
1.0029587023657616,-9.70325284441579,27.11709426236162,0,1.630333692798918,0,0.41109669607735566,-1.3964441030161976,-25.226429663019445,-1.0036304424970208,-0.5055432777250775,0.9366390642513436,0,-0.6566907220764155,0.3243904257582372,2
-0.6610397216056579,-15.988876856745126,28.475597212303665,0,-1.214978323848794,0,0.32327565268587105,-2.7888089518392594,-29.485618533448115,0.20678278075875478,0.11290517775906206,-2.7641562999480147,1,-1.4805349523108622,0.4823919672370426,0
-0.5533231118226762,91.09283461934277,26.719396408039078,1,-3.6517201978813945,1,-0.5068833727298998,3.2979622850193464,-24.310771278943534,1.8704256234551904,-0.2147855868067803,3.3310546416134907,0,0.7290690085805784,0.27219842067364897,2
-0.6572485714321542,-93.26397118432658,29.739938763533875,1,1.6978448209241317,0,-1.757568842133978,-1.2965237606334918,-25.389802608258226,-2.6707583605244696,-0.39378613191169837,1.6013028008064194,1,-0.5042163165127894,-1.6435318868629412,1
-0.9201558159771032,-91.9157577897418,27.779924023198554,1,0.7335182303699028,0,0.12650599575651103,-1.28574177486903,-24.86249169383821,-2.2151655693329166,-0.30928888081281747,1.3759657955162943,1,0.7287085847303603,-1.0118577616596514,1
-0.12217778225962238,2.9581725703664326,28.457991499556197,1,-0.8557572629946847,1,0.5189445198583972,1.829655192949915,-24.909590967668258,-0.359621935384662,-2.6096433962404633,2.2069596476689965,0,1.49658587271342,-0.15305052970671817,1
-0.37331835076606085,-97.4171257068402,29.133533026422562,1,-1.5103810327282923,1,-0.36910987710062726,-2.1974813914506215,-25.993845368541805,-1.7780593037747718,0.8929658002584251,0.04834229807641288,0,0.4319199200310841,1.2517618400500108,2
-0.8053419418316915,-77.12372054862173,28.72411384399504,0,1.0382649576164513,0,0.6092466907147244,-0.3250073612374689,-28.151170576085594,-2.269629748264699,-1.6822146784210075,-1.3188982728136396,0,-0.42713144699907013,1.8438687052060225,2
-0.5669368652851954,13.650081978436528,28.79094677174461,1,2.6143312971223933,0,-0.6180013355528053,0.40306869330491624,-23.913004551971696,1.9847704964529271,0.5225478023983388,-3.0182542278869677,0,-1.3538826134824447,-3.2295085727123922,0
1.5554531939770362,16.68139564378603,29.363518587819517,1,-0.10449411433012279,1,0.5544282096749843,-1.6054590333019054,-25.09088604845873,0.32727378279518254,-0.5382460614528359,-0.08925185654100454,1,1.1471048646526687,1.5802224395181246,2
-0.6953916488881509,-156.86672201272754,29.564071987593525,0,3.8273755227397563,1,1.0398567997399406,-0.9025575210683155,-21.167740723630196,-4.385288908684422,1.0245049323305406,3.1099548061634965,0,-1.7326364732943407,-0.2669637268355629,1
-0.07314646958288029,-54.88190189203092,27.63199219884975,1,1.169043904985949,0,-2.4703920765261924,-0.4463400235006898,-24.709086124611318,-0.06735194573606727,0.9041858892144935,-2.265027378951462,0,-1.3450402771069851,-0.29407957677364827,0
0.3864419087546862,-85.50591072351205,28.948739545435537,0,0.2797411059975883,0,0.7668567047383881,0.7083438871041069,-25.90556154880052,-2.100352657668916,-1.0835363474608033,1.2198122116468624,1,-1.2931093727554934,-1.3434396604848708,1
1.2254813847313721,57.06154008674771,29.177874690215653,1,1.0129327333430176,1,-0.3584012389042978,-1.938907374256458,-25.567334513621645,-0.41981850068498444,-1.3223958536933618,2.425405829826661,0,-1.7320624571386853,1.3090916822821215,2
-0.6894006575587572,-44.64509612121561,27.79189621956883,0,0.06665453281311462,0,-1.276184665232446,-0.8377363518393678,-26.205125652477637,-0.09381801737266442,-0.07651169854156283,-1.6624170844638995,0,1.2491932821406462,-0.8601417699312408,0
0.9440043263057909,-174.8124349760231,28.77011320493582,0,0.7889546635669931,1,0.5302907060044052,-0.7512095958552686,-24.92466644418985,-4.158254135638396,0.5394450413066273,1.5073738627972588,0,1.7700272377179478,-0.0723873674176223,1
1.8609555380755978,-125.5467792949756,29.995951100145284,0,0.8342946171510137,1,-1.1252515535102237,2.3701620806241874,-22.88619001075815,-3.4569704345883867,0.2479428203819312,3.7614515418496413,0,-0.5178074111271522,-0.9458610549717538,1
1.6391916111850116,-56.23085755018541,28.49683412055833,0,1.4524492869168295,0,-0.8649384229002824,-1.739179504310264,-27.41160344544465,-1.2062681788867176,0.5703749414057342,-1.6833005234021625,0,1.250064615657587,-0.24663077322148963,2
-1.709556292628262,-30.78685332607139,28.423611953896025,0,1.970244993910189,1,-0.7571300100525322,2.913133456998087,-23.22067014811949,-1.1173157025455571,-0.700931709429466,1.273768785821173,0,0.15472203926079742,0.2728020199238732,1
1.4650040175919203,-32.98374521114918,28.967883887052494,1,-1.2279717466106177,1,1.2363907943915986,-3.0956562751538144,-24.721941256872764,-1.7080334457646282,-0.7812129826293586,2.6174842623999526,1,0.1132710497293512,3.0084412234320297,2
-0.5276038461950127,45.01275256657356,29.957463986092474,0,1.6533929411952222,0,0.19993967387284203,-1.3564839683485252,-24.818300274235696,1.7648356848909557,-1.1180620884244434,-1.7887740551306108,0,0.8117410888113474,-1.4243038589514199,1
-0.5439731727880075,40.023668004044374,27.436671047984564,0,-2.97868696105849,0,-0.8197066437408544,-3.2387911822211226,-25.78775646839812,3.2525470256425018,-0.874587359218199,-2.2453704324974204,0,0.8650157739260896,-2.4673685398361433,1
0.5751259763171092,-94.23699730133166,28.80665872845567,0,0.2833282914774886,0,1.0826770412692994,-2.6288602607725537,-25.69555040744165,-1.2356106622304253,0.7661160444943153,-1.3290162434626027,1,-0.37139896279741175,-0.5070187547914582,0
0.8369544631529837,-81.91467756576927,30.214027146106197,1,-0.37537350334005215,0,-0.3406261198128367,-2.005731917803856,-26.95950393343313,-1.5534195335037737,-0.285494509792714,-1.0026763145738993,0,-1.8631213577740702,0.9123741586159558,0
1.002184797482524,-41.6229356437235,29.09781742854711,0,-1.0477861704374047,1,-0.6295269998883228,0.5500625026899525,-25.911389770336744,-0.9775835025619928,-0.37864126660161557,-0.11887329173970884,1,-0.310400076088289,2.679576565468479,2
0.8591900269049936,-178.38181806301787,29.077468801866356,0,-1.7258982893250674,0,0.5354928582778593,-0.13924085330077318,-27.348310681878484,-3.6789078723863553,0.3933992242437879,1.6760668334396551,0,-0.6496812093773277,-2.7353679825959425,1
-1.1354581034242615,-97.32002528008493,28.026478483125437,0,1.2575614561329198,0,0.926477881944177,-3.160070992032145,-27.490172313046198,-3.1322493652971923,-0.565223469574088,-0.33651936602947385,0,-1.413269484257307,2.52026011712929,2
0.07110648481804993,-70.65375202658366,27.503445976228356,1,0.2339345411425534,1,-0.3055200619263184,0.9912516343700134,-25.836732485226623,-1.5862178913298295,-2.782213713166632,-0.7888717158595506,0,-1.486381345141532,2.3906575892646496,2
-0.26159704536935735,-100.25759210485164,28.610004460970956,0,-0.9417532388641698,1,-1.0080767100228594,1.3225512370322423,-25.90100263030699,-2.241739626243516,0.4994836079304023,0.7694732524125962,0,-1.0275978830961876,0.8906595150172536,0
3.0028298836284915,-83.58504000645283,29.00096913834164,1,2.1815800447562537,0,0.06646511830126865,-2.0296486058428505,-24.94774955951927,-1.6553583692059433,0.9173089975293974,-0.557439924383502,1,-0.351822058634856,-1.0207479679250193,2
-0.015852877857294303,-63.551384876121894,29.212236103794808,1,-0.9615377126868816,0,-2.4245244143594977,1.5644676953461427,-27.317786163507726,-1.2310631610737346,1.8664801484793327,-0.6585559456887455,0,0.4856860199904765,0.7912342614389312,0
1.2246145026963264,-61.472345006452564,28.625622987580332,1,-1.626805942156245,1,-0.336767080338514,0.852455589768328,-26.25637352681585,-1.7169853343250792,0.16332010776088596,0.0604717356618929,0,-0.261624477272201,4.4676701688000975,2
0.17721418879538675,-235.22690556427338,31.41026679096854,0,-0.8361448989795164,1,0.18646996657469678,3.4245360254810473,-24.06191388416936,-3.423556916739367,1.0698101545648633,-0.7991192641789362,0,-1.5780909716131837,-0.929192492598349,2
-0.6227347616659209,-83.23070123170868,30.022217372599272,0,0.5864136066925771,0,-0.36672214746378395,5.699545000147355,-22.58891277320661,-0.02657492880743849,1.3020605586563496,-0.6190979916894472,0,0.7005492526829148,-3.287063542258642,1
0.023629559927151236,-224.2923154973337,28.15663411148169,0,2.798177958616926,0,0.42095309997152486,0.31380841978602336,-22.303021028990862,-4.225996529529534,-0.3024334588053033,0.019227927375438547,0,-2.23290123612246,-0.899615313686024,1
0.10663193425218526,36.50644982114933,27.29189496986232,0,-1.2810192231265212,1,-1.1695348630390379,-0.2333012178217797,-25.45407372800557,0.5180140458672335,-0.6967640021329928,0.8625653830951058,1,-0.25427932451236157,1.8317072652061133,2
0.06562607371339126,-93.92535651098788,29.040612512170085,0,0.7151738102037306,1,-0.45304801352063023,2.0718678645200783,-23.45071333685638,-2.140647844510683,-0.669185754716218,2.057210185191453,1,-2.1124772441427755,-1.1255612266845236,1
0.59719247351114,-63.869206425740934,30.1946800164991,0,-0.09420098967232127,1,-0.2773708580406239,-2.3530342286102717,-25.345235945016018,-1.6165122517881638,-1.1895999361253229,-0.04107489653266638,0,-0.48882751094642046,2.7577576055685724,2
-0.7682522976601838,-47.61400676414555,28.64827559598486,0,-0.25033523737524654,0,-0.4721935027085298,4.255855236004412,-30.555420027081887,-1.4011719353675522,0.4857794248627704,-2.8750274267367413,0,1.9017144139813535,2.665478837175229,2
0.5849856919516231,-25.020489024045744,26.94861579108204,1,0.49381316265851916,1,0.5538535161251954,1.1215694318717633,-24.587700437799523,-0.8683835926211537,0.49912245051286813,1.331565649881148,0,0.5252990536700431,-0.12513946053410718,2
0.44216193506052,6.86247526126646,29.283935471852264,1,0.16269276009881684,1,0.5785562537236629,3.5796377031661843,-26.543866871559445,-0.9478558631670899,0.608792650041794,0.6377326537993102,0,0.8064065805355118,2.94261802657284,0
1.1389789588568047,-1.1612649079693065,28.32862940515856,0,1.5613588772399907,0,0.5199122074706984,-2.839970933808912,-24.148941752954247,1.5437106513881158,0.06899066944288892,-2.6843054939661126,0,-1.079904044668327,-1.894829256558526,0
0.10701949493671091,-93.69708618149502,28.478863587840692,0,-0.1392638105107029,1,1.5370726275540352,-0.28603704540676017,-23.857991388981162,-1.1562321740310573,1.8426322115198284,0.559150257599671,1,0.13665806811122153,-1.9178796227537518,1
0.19852422579211562,89.60225566464011,31.115016724884708,0,0.3539031107078545,0,1.547145848035478,-2.968441296778079,-23.73042681470433,2.1907587905534225,-0.6666946231343988,0.2738704125962449,0,-1.0476175507893661,-0.09918004530715396,1
-0.38606421927281337,-24.790128325493033,28.39671874664538,1,-0.08869127034758284,0,1.0328237127971223,3.024291041855888,-26.53208491177009,-0.5192653193727929,1.108071480384641,-1.201421934717726,0,-0.7904405898818585,2.1247731300034767,2
1.2045651492325158,-36.57343914963444,27.523708893834712,0,0.13747687691486665,1,0.9217325015855593,0.15008679620284907,-25.348237077781175,-1.7135032790189884,-0.918123046453299,0.9757780745738277,0,-1.175912605452222,3.3606824414128105,2
-0.2857374613434674,63.89252104691043,28.10030121367112,1,2.251080697051008,0,0.2307584178661466,1.4693630782768625,-23.583715153113385,2.833420002321101,1.198693905417963,-2.7814281200048283,0,0.2966208192877331,-1.8727828847739039,0
-0.2817925039003391,129.61711303844132,29.0413321728865,0,-3.362243162074821,1,-0.6440676687649493,-2.067526300345147,-26.252575724994294,2.756780841296703,1.19764333644693,1.807117498461023,0,1.3194578348010917,-0.030355998778589632,1
-0.9677930916473862,34.47668332255179,28.892036100242258,1,1.3070896757733654,0,0.15503592962014354,-3.8276314945390104,-24.796709839068683,0.5269261239982451,-1.1510312450184832,0.3927249984703367,0,-1.5453869696544096,-0.5896449062708236,1
-0.18715498606012973,-132.34847718892635,27.665407568757136,1,-0.15063702533844148,0,0.5460784255757638,-1.8883220818010131,-24.696773268976305,-1.7752419440049816,1.6739156676770712,-0.405129299429157,0,-0.5041850051422554,-1.6890989002787142,0
0.10710095151020323,-92.29983499192657,30.218696183372074,1,1.2135769024355807,0,0.14580574197214985,-0.6802802913498973,-25.443549697004865,-2.4330099963518794,-0.6186124954490204,0.06786234767928168,0,-0.12801838302510407,1.5037333011151244,2
0.021761412051603566,42.75049208274598,29.103949332177148,0,-0.5311837644993442,0,0.27303259926288825,3.5193385971120845,-26.32508070734296,2.0401067680201623,0.44580350279774916,-2.2303629668201976,0,1.2704809174626899,-0.6848288941291822,1
1.0962784898936928,-123.188282203289,30.48895472040155,1,-3.2092248764296096,1,0.2519851145456276,-1.2165911273529308,-24.20530234450616,-1.280443485338772,0.010299284441089991,0.04837778238523138,0,0.13658122936946315,1.3260215103715343,2
0.16109033057788344,22.293961818692303,29.297425108970387,1,0.9032391513697446,0,0.6724232296399326,-2.2267895204520096,-23.12233597600172,0.9202862634719613,0.5325985942789726,0.46339018614897753,0,-0.2193915855115029,-0.9909100291408053,2
1.1199572663223754,-163.55805870246536,28.12033968109013,0,2.0589906046901008,0,1.5994445314425192,-2.1993643642546004,-22.15059606580777,-0.3980420397168305,1.347493387728262,-3.616058944821952,1,-0.49650445006418376,-4.5260412818570614,1
-0.18408084375733938,-24.05961643019634,29.99631210293493,1,-1.7973928114709108,1,0.37788883762009184,-2.2433817698954783,-26.146639621831284,-0.8838752856066472,0.4510470590553831,1.8620732754772562,1,0.02428263868416584,0.29317402359139155,1
-2.420131440977782,-17.94436537696215,29.031451847943984,1,-1.3868084356504302,1,-0.023042801105021413,0.4186855836707062,-25.773960868977472,0.4202017067891375,0.5303901506160308,-1.8862104617739597,0,1.5811624390189774,2.7665587732926293,2
-1.3943269513704828,-105.82357519832783,28.45534704200042,1,0.4228417841939194,0,-0.9851769594866682,0.00593418608515975,-22.863730029106392,0.6273549552046608,-0.5139093638190576,-2.768903722069552,0,-1.2836928467968023,-4.161317109520198,1
0.17753133856640663,-128.65413434768595,27.908470584257,0,0.12700010117694427,0,1.5226771221448219,0.674458555809643,-28.935875351619842,-1.3464555835935823,0.07662750504730224,-5.269680229504094,0,0.3587518535683344,1.2257929594511456,2
-0.650666627225444,-92.27579728326835,28.848138017575273,0,-0.2319382060070584,1,1.6680413743645532,3.3118081785115367,-25.276705198561043,-2.0659419422542293,0.45955052503948796,-0.03001675099362222,1,3.0975570646162387,2.421079792847876,2
1.3671981336041894,14.501226210454663,26.215654066318255,1,-0.37525725307187785,0,0.21548042452961355,-0.6121198558118643,-25.60019111510908,0.4680443772803448,0.0960658816425171,0.5861152555441907,0,1.6421457305817415,-1.2448396766626444,1
-0.4283856710892464,-63.05932369559605,30.07567957108716,0,-1.3049687015978235,1,0.14383530669143058,2.9665065790803693,-26.240579808228734,-1.2054773928385147,-0.27528630474175253,0.3115357168980044,0,0.3803108199673864,0.5650748170803171,0
1.7044821439793456,-59.28442781338592,26.95107548355916,1,-0.4074669583610011,1,1.6609800403394837,-2.528388248124513,-24.60319500322771,-1.8056468215021686,-0.5941676977832573,1.4638473211073482,0,0.8537635754474904,2.293894201693158,2
-0.659010964737568,-30.778566341172066,27.93091054190726,0,1.649999892993148,0,1.2591682015304972,0.16840902822003403,-27.90332943113036,-1.0235796405433826,-1.283553516426283,-1.3185447429296577,1,1.7866777277806258,-0.4183426812562119,2
-0.5145480129267056,23.382599241848325,27.830544785050918,1,1.3286568577652529,0,1.0515826619869644,0.388439507592351,-24.401314720638403,-0.09394702725415695,1.3716613255588563,1.6532854048657524,0,-0.5219116767698249,-0.9267483613623665,1
0.11934439220395616,-2.205002368070235,30.809999752907014,0,-0.9822951100880486,0,-1.5834466837608023,0.4453707221998985,-27.227792003275336,-0.17775025970746003,1.4828137523480673,-0.5049620458953197,0,0.6202432622425454,1.536995424098269,0
-0.16195555630330047,-132.72237305782832,27.043462517030147,0,1.548047707018241,0,0.5073735752849208,2.5461014818894743,-23.842792123618967,-2.4051025176616516,-1.795970661038873,-0.23246822173051207,0,0.5705343898295278,-0.3918749546801856,0
-0.14852646420278395,-124.95243876683398,28.75140109016936,0,2.2040190772820956,0,0.6666735108151761,1.4345695934529388,-28.68554405334201,-3.1497397920500583,1.456409371939868,-2.167251700842345,0,0.5255046461872511,0.7253958149423247,2
0.903473788816635,8.661776574665112,28.93867226662715,1,-0.2253976590627813,1,0.567911540710045,4.068376646914475,-25.30947884595597,-0.516306100152497,-1.331887010385601,1.320860779920584,0,1.0244080844612196,1.7155036778095334,2
0.09800542115703156,-37.820616520655946,28.51134481231885,0,-0.7556955834535269,0,-1.4388295441942112,-0.7151374836314984,-26.205180540557055,0.01262147647862486,1.9136588511551826,-1.9834689843668418,0,0.21346094977178942,1.3839527447023043,0
0.855650319501864,-31.624024329319116,28.485381345207088,0,1.3250628443919708,0,1.5533924980607003,2.286402103963735,-23.84739420063603,-0.7911468972218618,-0.297887061528238,0.8249145255591195,0,0.20718703881949577,-0.3171852568857362,1
2.0867676572787506,-29.95270435216768,29.206625171589902,0,-1.4364177523281763,0,0.6898107003087214,-6.125503881983298,-27.559133047891567,-0.09229056345044886,-0.9822383617407333,-1.41441557890316,0,-0.6458292426798808,0.5754278370010558,0
0.5137514237993296,28.499916945964554,29.94338245923957,0,0.9708287266050084,0,1.3270113866113562,0.3987760709978586,-24.257529657880113,1.0211204836091459,-1.2581103279820796,-0.9092833488083734,0,0.742301839496299,0.5804787636682496,1
0.04279137105093503,-110.16646427021735,28.992452228138838,0,2.5306141185654227,0,1.0138159073272535,0.028283211561822858,-23.50757852307761,-1.0497707234695166,-0.22747134945740238,-1.9958171320037636,0,-0.5773624639752011,-2.0735400420821164,0
0.42559570540511693,-80.76551571663181,30.486898952831144,1,-1.2549107095267102,1,-1.1009313673705134,2.2984527628581204,-24.519439536290314,-1.6741274447162215,0.5611390217732218,1.2724620681944896,0,-1.5060400725552874,1.3143125351905096,0
0.11391915818208695,46.08123155452889,29.837757374764152,0,0.06142820736016508,0,0.9427304379079565,0.4887484660691965,-26.169390442791663,0.5381872652459849,-0.5235176505850446,0.5907762661736033,0,-1.0993025142182213,0.1442139744202826,2
-1.7383777513900613,-81.1825030373534,28.57923800601112,0,1.0274747997205276,0,-0.4421803289280611,-3.389992205231724,-24.7367194940259,-1.771142240300043,-0.6417028057658531,0.436454165071803,0,0.4113762485809308,-0.3031078160797186,1
1.3077500481043511,33.44136621667135,29.612170681754222,1,0.6158115024213752,0,0.030290318959521098,-2.063328197232308,-25.827093840614424,0.3384201035312392,0.7284845540506251,0.8602855099512251,0,-0.4020594011555619,-1.1730784684149476,1
0.3267567561934362,61.12995740425069,30.128464558676182,1,-5.240794869817845,1,-0.5588521984348381,-3.147435893223009,-27.833407984240086,1.0585135053921693,0.1107406871233478,2.5794847830643697,0,0.33050180279134383,0.6014279459619256,1
-0.35674123485425957,6.5261494950370995,27.677912068417143,1,-1.750662593832064,1,-0.0550389884081785,1.4044865297309,-25.14853596265432,0.19070737251162345,-0.13467960251119135,1.0806417195133846,0,-0.5395462379426205,1.0973060308385303,2
1.1001065069130276,70.93627132140384,30.06013181766522,0,2.3390265374990085,0,-0.49394238669879975,0.41230543441953643,-23.483538677045093,1.007206066112846,1.431517393997727,0.23567795093814592,0,1.2533928948437716,1.3090409960488172,1
0.7233691418038848,-26.21238231144496,29.89034665838611,0,-0.7203624724835049,1,1.2580384351356297,2.22729700374028,-25.86250004873635,-2.614581614347849,0.053530271851923654,4.392994105270748,1,1.1018382666910012,1.8101432402108109,1
-0.29293468791443156,-16.809940946668085,27.941373112461264,1,-2.7810729132032126,1,0.6510047726617774,3.655135524205554,-25.59420270230565,1.0296752195737564,-1.58854945405985,-0.15633033205993652,0,-1.3554597039959617,-1.7769441352858562,1
0.0537872042295066,-25.428023251786346,28.811203898049374,0,1.1621431382470409,1,1.6367406678174772,-0.9803235448434255,-25.647944023462713,-1.4741483001390734,0.1084649153391331,0.7261055961403933,0,-0.029996602580015734,1.7657035420385,2
-2.7012306279480156,-103.75083226466751,29.576702540401246,1,-0.13096295413104242,0,1.153553894582982,0.2980823697844931,-26.596006601376633,-1.2749535557912304,-0.1895103535446589,-2.5442840150982176,1,-1.1212132900966376,0.90660051181173,0
1.365029731121588,-98.63719513437628,28.45231146171203,0,-1.3517357469845313,1,0.8102010555012212,-0.11232178473274544,-26.46915862216014,-1.7961680378208549,1.0706162807546358,0.21528292468165844,1,1.2020576581735,-0.11447386149045546,1
1.7485510035672918,-91.51969042172364,29.90270714679965,0,-1.8679134771428512,1,1.1128015152270543,1.6076027844214862,-25.017578864583143,-1.588871236014827,-1.044823459375648,0.4974068493624987,0,1.0581000019046467,1.831484679407143,2
-0.37217158056018,-28.673202528322406,29.268609517124933,0,-0.873792794770766,1,0.17985474489630868,5.837278000786775,-25.38323127493742,-0.5135845804779453,-0.9772764043581963,-0.07001396776841007,1,-1.1977379458496653,1.9910303433222847,0
0.2753079462361633,21.28589953789126,30.293690196300773,1,-1.7022586011764917,1,-0.44134026557870926,-0.7881262296954662,-25.695609534198084,0.12078941182001432,1.3080273290649285,1.9562657783073014,1,0.10841333535633475,0.09281826661892989,1
0.6672419443434316,60.743844597690135,28.26329446763313,1,0.14486353165830446,0,0.4184731029121388,6.037870542279485,-22.78322050761578,2.4715355060952695,0.12414496683707091,0.13196623356592152,0,-0.5465847828888439,-2.5284614210211203,1
-1.8208804680211217,34.31309581318895,29.20537566247043,0,-1.1765573569558732,0,0.7583970143128633,1.1226011455405467,-27.505906625014735,0.507767373725389,0.31299323735905693,-0.703508256445727,0,-0.7035851238931526,2.1693695981150416,0
-0.2052203821985816,-78.4059830508363,27.760705808709716,0,-0.8572541703015562,0,-0.8928589929940086,2.5704128164450517,-27.47901874938401,-1.4303613019474146,-1.3951685485670495,-0.8645262635950584,1,-0.6535040030936691,0.35182250187892405,0
-1.0647246090581581,13.020328912323198,29.191032935177287,1,3.762701144298498,0,-1.0269228781087107,-1.0802287342804773,-27.82066798029665,-1.2889721251532094,0.8910131460632832,0.8248049922461083,0,-0.7183787307919056,-2.776246996076135,2
0.7114807383320668,-81.70183892442901,28.827607233389624,0,2.0208802380718502,0,1.2576400286172686,3.022064066528849,-25.557666840287375,-1.1174449170926006,0.44754940584730196,-1.9624861319124145,0,-0.5686214265092212,-0.9618616722846665,2
-0.8483138038012482,-18.902807893606212,29.270313415618197,0,1.416316867507056,0,1.3950181597686853,0.7616331966937548,-24.126789879157908,0.7910788112409574,-0.32692199147184897,-2.055481610415568,1,0.0819291032170286,-1.0398121585230802,0
-1.064712062226875,-118.11608784860451,28.61765663571738,0,2.172797905222497,0,-0.20233729799424852,-3.280192989990465,-26.37473712010844,-2.519492170957445,-0.6534456808595911,-1.5954641634568199,0,0.5994555996023307,0.22710276886288772,2
0.12065199037586734,52.337318081047954,28.801470042093143,0,1.4211855037180077,0,1.4696606947607056,0.5172402380952219,-24.14828390446774,1.616382116742051,0.5359369280071221,-1.230825011984606,0,0.5042255050256282,0.15566221085580945,1
0.01366688709057506,-42.0895331952919,29.61268122111899,0,0.5979683989083211,1,1.7979013436975626,-0.4233904606976862,-23.86542280936629,-1.4528666204359078,0.6007992746190165,2.380522826381395,0,1.4569736753126907,-0.4439873877442958,1
0.6188368852413308,-106.84278496012367,30.837869684656187,0,-0.12008245497727299,0,0.17669797969888865,-1.906242944932573,-26.66030006470891,-2.4978546822519303,1.5649826828151698,1.3217598781830344,0,-0.4968214163851889,-2.1860773429132356,1
0.27882058474963917,-8.993801324951024,29.827126061543595,1,-0.248050527643911,1,-0.2199450907167771,0.3252053655713969,-24.680252849340597,-0.029166975400973738,-0.5064860374606006,0.895720286641525,0,0.2066343589443571,-0.7175116170328906,1
-2.9131682355762023,-90.40241364245092,29.073451989282304,0,-0.6088677107916802,0,-2.160394209870964,2.179012885267214,-27.097751276202374,-0.9493958156143593,1.3397674136175035,-2.434646695273516,1,-0.751064495287,0.4083704689595099,0
1.31851233728421,-46.13734717944754,29.787248173698938,0,1.4716222420775125,0,-0.3845530309592384,0.8192572910359035,-25.16457463269368,-1.9068670742879463,1.059072817304726,1.3797191708769838,0,1.0284446319100935,0.5217993071351861,0
-0.4154485346461252,-89.80102642763688,26.94460884403921,0,-0.8332193686358379,0,-0.6320491511785126,0.7953583297116845,-24.501746090246453,-0.7299233019031323,2.925434492579955,-0.11189263183941311,0,-0.057413759090326734,-1.9612650145867998,1
-0.008341151161148091,-13.531879893589277,28.470721423566253,0,-2.0575825627699125,1,1.5057461385887723,1.3040324257109703,-26.358553934180428,-0.2423303116531566,1.1074153461485743,0.57148938428217,0,1.9749124869121404,1.186656369083113,0
0.8057451451567189,-9.495170781095542,27.546320125497623,1,0.08721959180797811,0,-0.21568127045277347,-2.1059656002606024,-25.185827499607168,0.8924233216541758,1.2455801019152961,-1.2575325379075677,0,1.2854039237606008,-1.8103999515238598,0
-0.7698233292309092,4.141194873628091,31.33718692257872,0,-0.5234957685217054,0,-1.3098972660030161,2.6183574348837455,-28.465039441911546,-0.36320881554835627,0.7126656794553977,-1.0723154182592824,1,-1.9250796952750127,1.949458209692653,0
1.5458668181404471,-209.16548388077692,28.984338255776837,0,-0.4545768406564259,1,-0.7757064191015045,0.5295667054721064,-24.657679759712657,-3.5262384609592186,0.32706452895819155,-0.2598876227557969,1,0.8293947395019855,-0.41316079613341783,2
2.2140752705890447,-171.1194305316213,29.64925412008772,1,-1.9132009357857396,1,-0.43646753817196793,4.277478469149341,-23.14202086978697,-2.2662960669006456,1.0789606272385124,0.24413229855761953,0,-1.857672336568784,0.40961060076773514,2
-0.7142788286034518,13.113727957920224,29.459637408936633,0,-0.8812240043611876,0,-0.7631884948652912,-1.6045560542867932,-24.307003856974863,2.455510673534673,-0.4747953095090695,-2.0991004540309284,0,0.43382291952973545,-2.7538861654583413,1
-2.224004999558239,-133.07720665623742,27.984709557866612,1,0.2748162558279452,0,-0.1755701831919661,-0.751859917292074,-25.01023511730606,-2.615922863314243,-1.0653408765878603,0.6049686253498112,0,-0.5172178898894654,-0.9017763656897739,1
